ID,Materia,Curso,Tipo,Link
46808,economia da saúde,engenharia de computação,eletiva,"https://cgi.insper.edu.br/DiarioDeClasse/PlanoDeAula/PlanoDeAulaPDF.aspx?t=Plano%20de%20Aula%20Atualizado&id=46808,&d=false"
46750,open source development,engenharia de computação,eletiva,"https://cgi.insper.edu.br/DiarioDeClasse/PlanoDeAula/PlanoDeAulaPDF.aspx?t=Plano%20de%20Aula%20Atualizado&id=46750,&d=false"
46568,design de software,engenharia de computação,obrigatória,"https://cgi.insper.edu.br/DiarioDeClasse/PlanoDeAula/PlanoDeAulaPDF.aspx?t=Plano%20de%20Aula%20Atualizado&id=46568,&d=false"
46560,direito para startups,engenharia de computação,eletiva,"https://cgi.insper.edu.br/DiarioDeClasse/PlanoDeAula/PlanoDeAulaPDF.aspx?t=Plano%20de%20Aula%20Atualizado&id=46560,&d=false"
46536,computação embarcada,engenharia de computação,obrigatória,"https://cgi.insper.edu.br/DiarioDeClasse/PlanoDeAula/PlanoDeAulaPDF.aspx?t=Plano%20de%20Aula%20Atualizado&id=46536,&d=false"
46533,sistema de segurança pública no brasil,engenharia de computação,eletiva,"https://cgi.insper.edu.br/DiarioDeClasse/PlanoDeAula/PlanoDeAulaPDF.aspx?t=Plano%20de%20Aula%20Atualizado&id=46533,&d=false"
46516,financial crises,engenharia de computação,eletiva,"https://cgi.insper.edu.br/DiarioDeClasse/PlanoDeAula/PlanoDeAulaPDF.aspx?t=Plano%20de%20Aula%20Atualizado&id=46516,&d=false"
46496,eletromagnetismo e ondulatória,engenharia de computação,obrigatória,"https://cgi.insper.edu.br/DiarioDeClasse/PlanoDeAula/PlanoDeAulaPDF.aspx?t=Plano%20de%20Aula%20Atualizado&id=46496,&d=false"
46486,iot (internet das coisas),engenharia de computação,eletiva,"https://cgi.insper.edu.br/DiarioDeClasse/PlanoDeAula/PlanoDeAulaPDF.aspx?t=Plano%20de%20Aula%20Atualizado&id=46486,&d=false"
46460,agile best practices for effective project management,engenharia de computação,eletiva,"https://cgi.insper.edu.br/DiarioDeClasse/PlanoDeAula/PlanoDeAulaPDF.aspx?t=Plano%20de%20Aula%20Atualizado&id=46460,&d=false"
46434,desafios públicos contemporâneos,engenharia de computação,eletiva,"https://cgi.insper.edu.br/DiarioDeClasse/PlanoDeAula/PlanoDeAulaPDF.aspx?t=Plano%20de%20Aula%20Atualizado&id=46434,&d=false"
46395,machine learning ops & interviews,engenharia de computação,eletiva,"https://cgi.insper.edu.br/DiarioDeClasse/PlanoDeAula/PlanoDeAulaPDF.aspx?t=Plano%20de%20Aula%20Atualizado&id=46395,&d=false"
46333,empreenda: da ideia ao mvp,engenharia de computação,eletiva,"https://cgi.insper.edu.br/DiarioDeClasse/PlanoDeAula/PlanoDeAulaPDF.aspx?t=Plano%20de%20Aula%20Atualizado&id=46333,&d=false"
46318,computação em nuvem,engenharia de computação,obrigatória,"https://cgi.insper.edu.br/DiarioDeClasse/PlanoDeAula/PlanoDeAulaPDF.aspx?t=Plano%20de%20Aula%20Atualizado&id=46318,&d=false"
46314,tecnologias hacker,engenharia de computação,obrigatória,"https://cgi.insper.edu.br/DiarioDeClasse/PlanoDeAula/PlanoDeAulaPDF.aspx?t=Plano%20de%20Aula%20Atualizado&id=46314,&d=false"
46306,mergers and acquisitions,engenharia de computação,eletiva,"https://cgi.insper.edu.br/DiarioDeClasse/PlanoDeAula/PlanoDeAulaPDF.aspx?t=Plano%20de%20Aula%20Atualizado&id=46306,&d=false"
46278,advanced topics in valuation,engenharia de computação,eletiva,"https://cgi.insper.edu.br/DiarioDeClasse/PlanoDeAula/PlanoDeAulaPDF.aspx?t=Plano%20de%20Aula%20Atualizado&id=46278,&d=false"
46236,biomedical manufacturing,engenharia de computação,eletiva,"https://cgi.insper.edu.br/DiarioDeClasse/PlanoDeAula/PlanoDeAulaPDF.aspx?t=Plano%20de%20Aula%20Atualizado&id=46236,&d=false"
46222,big data para dados públicos,engenharia de computação,eletiva,"https://cgi.insper.edu.br/DiarioDeClasse/PlanoDeAula/PlanoDeAulaPDF.aspx?t=Plano%20de%20Aula%20Atualizado&id=46222,&d=false"
46211,modelos modernos de demanda agregada: teoria e aplicações,engenharia de computação,eletiva,"https://cgi.insper.edu.br/DiarioDeClasse/PlanoDeAula/PlanoDeAulaPDF.aspx?t=Plano%20de%20Aula%20Atualizado&id=46211,&d=false"
46188,física do movimento,engenharia de computação,obrigatória,"https://cgi.insper.edu.br/DiarioDeClasse/PlanoDeAula/PlanoDeAulaPDF.aspx?t=Plano%20de%20Aula%20Atualizado&id=46188,&d=false"
46182,camada física da computação,engenharia de computação,obrigatória,"https://cgi.insper.edu.br/DiarioDeClasse/PlanoDeAula/PlanoDeAulaPDF.aspx?t=Plano%20de%20Aula%20Atualizado&id=46182,&d=false"
46164,acionamentos elétricos,engenharia de computação,obrigatória,"https://cgi.insper.edu.br/DiarioDeClasse/PlanoDeAula/PlanoDeAulaPDF.aspx?t=Plano%20de%20Aula%20Atualizado&id=46164,&d=false"
46146,marketing analítico avançado,engenharia de computação,eletiva,"https://cgi.insper.edu.br/DiarioDeClasse/PlanoDeAula/PlanoDeAulaPDF.aspx?t=Plano%20de%20Aula%20Atualizado&id=46146,&d=false"
46122,vehicle performance,engenharia de computação,eletiva,"https://cgi.insper.edu.br/DiarioDeClasse/PlanoDeAula/PlanoDeAulaPDF.aspx?t=Plano%20de%20Aula%20Atualizado&id=46122,&d=false"
46110,cenários macroeconômicos para negócios,engenharia de computação,eletiva,"https://cgi.insper.edu.br/DiarioDeClasse/PlanoDeAula/PlanoDeAulaPDF.aspx?t=Plano%20de%20Aula%20Atualizado&id=46110,&d=false"
46078,globalization and sustainability,engenharia de computação,eletiva,"https://cgi.insper.edu.br/DiarioDeClasse/PlanoDeAula/PlanoDeAulaPDF.aspx?t=Plano%20de%20Aula%20Atualizado&id=46078,&d=false"
46060,analysis of the economic environment,engenharia de computação,eletiva,"https://cgi.insper.edu.br/DiarioDeClasse/PlanoDeAula/PlanoDeAulaPDF.aspx?t=Plano%20de%20Aula%20Atualizado&id=46060,&d=false"
46021,comportamento empreendedor,engenharia de computação,eletiva,"https://cgi.insper.edu.br/DiarioDeClasse/PlanoDeAula/PlanoDeAulaPDF.aspx?t=Plano%20de%20Aula%20Atualizado&id=46021,&d=false"
45991,econometria financeira avançada,engenharia de computação,eletiva,"https://cgi.insper.edu.br/DiarioDeClasse/PlanoDeAula/PlanoDeAulaPDF.aspx?t=Plano%20de%20Aula%20Atualizado&id=45991,&d=false"
45949,microeconometria avançada,engenharia de computação,eletiva,"https://cgi.insper.edu.br/DiarioDeClasse/PlanoDeAula/PlanoDeAulaPDF.aspx?t=Plano%20de%20Aula%20Atualizado&id=45949,&d=false"
45920,natureza do design,engenharia de computação,obrigatória,"https://cgi.insper.edu.br/DiarioDeClasse/PlanoDeAula/PlanoDeAulaPDF.aspx?t=Plano%20de%20Aula%20Atualizado&id=45920,&d=false"
45896,lógica da computação,engenharia de computação,obrigatória,"https://cgi.insper.edu.br/DiarioDeClasse/PlanoDeAula/PlanoDeAulaPDF.aspx?t=Plano%20de%20Aula%20Atualizado&id=45896,&d=false"
45856,introduction to quantum computing,engenharia de computação,eletiva,"https://cgi.insper.edu.br/DiarioDeClasse/PlanoDeAula/PlanoDeAulaPDF.aspx?t=Plano%20de%20Aula%20Atualizado&id=45856,&d=false"
45844,jogos avançados,engenharia de computação,eletiva,"https://cgi.insper.edu.br/DiarioDeClasse/PlanoDeAula/PlanoDeAulaPDF.aspx?t=Plano%20de%20Aula%20Atualizado&id=45844,&d=false"
45802,applied corporate finance,engenharia de computação,eletiva,"https://cgi.insper.edu.br/DiarioDeClasse/PlanoDeAula/PlanoDeAulaPDF.aspx?t=Plano%20de%20Aula%20Atualizado&id=45802,&d=false"
45759,"brasil 200+: passado, presente e futuro",engenharia de computação,eletiva,"https://cgi.insper.edu.br/DiarioDeClasse/PlanoDeAula/PlanoDeAulaPDF.aspx?t=Plano%20de%20Aula%20Atualizado&id=45759,&d=false"
45747,matemática multivariada,engenharia de computação,obrigatória,"https://cgi.insper.edu.br/DiarioDeClasse/PlanoDeAula/PlanoDeAulaPDF.aspx?t=Plano%20de%20Aula%20Atualizado&id=45747,&d=false"
45730,modelagem e simulação do mundo físico,engenharia de computação,obrigatória,"https://cgi.insper.edu.br/DiarioDeClasse/PlanoDeAula/PlanoDeAulaPDF.aspx?t=Plano%20de%20Aula%20Atualizado&id=45730,&d=false"
45717,intraempreendedorismo digital,engenharia de computação,eletiva,"https://cgi.insper.edu.br/DiarioDeClasse/PlanoDeAula/PlanoDeAulaPDF.aspx?t=Plano%20de%20Aula%20Atualizado&id=45717,&d=false"
45678,matemática da variação,engenharia de computação,obrigatória,"https://cgi.insper.edu.br/DiarioDeClasse/PlanoDeAula/PlanoDeAulaPDF.aspx?t=Plano%20de%20Aula%20Atualizado&id=45678,&d=false"
45648,macroeconometria 1,engenharia de computação,eletiva,"https://cgi.insper.edu.br/DiarioDeClasse/PlanoDeAula/PlanoDeAulaPDF.aspx?t=Plano%20de%20Aula%20Atualizado&id=45648,&d=false"
45561,grandes desafios da engenharia,engenharia de computação,obrigatória,"https://cgi.insper.edu.br/DiarioDeClasse/PlanoDeAula/PlanoDeAulaPDF.aspx?t=Plano%20de%20Aula%20Atualizado&id=45561,&d=false"
45543,projeto final de engenharia,engenharia de computação,obrigatória,"https://cgi.insper.edu.br/DiarioDeClasse/PlanoDeAula/PlanoDeAulaPDF.aspx?t=Plano%20de%20Aula%20Atualizado&id=45543,&d=false"
45539,equações diferenciais ordinárias em economia,engenharia de computação,eletiva,"https://cgi.insper.edu.br/DiarioDeClasse/PlanoDeAula/PlanoDeAulaPDF.aspx?t=Plano%20de%20Aula%20Atualizado&id=45539,&d=false"
45515,drones,engenharia de computação,eletiva,"https://cgi.insper.edu.br/DiarioDeClasse/PlanoDeAula/PlanoDeAulaPDF.aspx?t=Plano%20de%20Aula%20Atualizado&id=45515,&d=false"
45380,gestão e execução estratégica,engenharia de computação,eletiva,"https://cgi.insper.edu.br/DiarioDeClasse/PlanoDeAula/PlanoDeAulaPDF.aspx?t=Plano%20de%20Aula%20Atualizado&id=45380,&d=false"
45349,mercados e instrumentos de renda fixa,engenharia de computação,eletiva,"https://cgi.insper.edu.br/DiarioDeClasse/PlanoDeAula/PlanoDeAulaPDF.aspx?t=Plano%20de%20Aula%20Atualizado&id=45349,&d=false"
45292,desconstruindo a matéria,engenharia de computação,obrigatória,"https://cgi.insper.edu.br/DiarioDeClasse/PlanoDeAula/PlanoDeAulaPDF.aspx?t=Plano%20de%20Aula%20Atualizado&id=45292,&d=false"
45244,modelagem preditiva,engenharia de computação,eletiva,"https://cgi.insper.edu.br/DiarioDeClasse/PlanoDeAula/PlanoDeAulaPDF.aspx?t=Plano%20de%20Aula%20Atualizado&id=45244,&d=false"
45208,python para ciência de dados,engenharia de computação,eletiva,"https://cgi.insper.edu.br/DiarioDeClasse/PlanoDeAula/PlanoDeAulaPDF.aspx?t=Plano%20de%20Aula%20Atualizado&id=45208,&d=false"
45124,latin america today: economic performance and political institutions in the last 20 years,engenharia de computação,eletiva,"https://cgi.insper.edu.br/DiarioDeClasse/PlanoDeAula/PlanoDeAulaPDF.aspx?t=Plano%20de%20Aula%20Atualizado&id=45124,&d=false"
45041,global value chains,engenharia de computação,eletiva,"https://cgi.insper.edu.br/DiarioDeClasse/PlanoDeAula/PlanoDeAulaPDF.aspx?t=Plano%20de%20Aula%20Atualizado&id=45041,&d=false"
45022,execução empreendedora,engenharia de computação,eletiva,"https://cgi.insper.edu.br/DiarioDeClasse/PlanoDeAula/PlanoDeAulaPDF.aspx?t=Plano%20de%20Aula%20Atualizado&id=45022,&d=false"
44983,megadados,engenharia de computação,obrigatória,"https://cgi.insper.edu.br/DiarioDeClasse/PlanoDeAula/PlanoDeAulaPDF.aspx?t=Plano%20de%20Aula%20Atualizado&id=44983,&d=false"
44978,empreendedorismo estratégico,engenharia de computação,eletiva,"https://cgi.insper.edu.br/DiarioDeClasse/PlanoDeAula/PlanoDeAulaPDF.aspx?t=Plano%20de%20Aula%20Atualizado&id=44978,&d=false"
44927,tecnologias web,engenharia de computação,obrigatória,"https://cgi.insper.edu.br/DiarioDeClasse/PlanoDeAula/PlanoDeAulaPDF.aspx?t=Plano%20de%20Aula%20Atualizado&id=44927,&d=false"
44843,conscious consumption and marketing,engenharia de computação,eletiva,"https://cgi.insper.edu.br/DiarioDeClasse/PlanoDeAula/PlanoDeAulaPDF.aspx?t=Plano%20de%20Aula%20Atualizado&id=44843,&d=false"
44811,robótica computacional,engenharia de computação,obrigatória,"https://cgi.insper.edu.br/DiarioDeClasse/PlanoDeAula/PlanoDeAulaPDF.aspx?t=Plano%20de%20Aula%20Atualizado&id=44811,&d=false"
44770,smart operations,engenharia de computação,eletiva,"https://cgi.insper.edu.br/DiarioDeClasse/PlanoDeAula/PlanoDeAulaPDF.aspx?t=Plano%20de%20Aula%20Atualizado&id=44770,&d=false"
44746,gestão de esportes,engenharia de computação,eletiva,"https://cgi.insper.edu.br/DiarioDeClasse/PlanoDeAula/PlanoDeAulaPDF.aspx?t=Plano%20de%20Aula%20Atualizado&id=44746,&d=false"
44720,leadership and digital transformation,engenharia de computação,eletiva,"https://cgi.insper.edu.br/DiarioDeClasse/PlanoDeAula/PlanoDeAulaPDF.aspx?t=Plano%20de%20Aula%20Atualizado&id=44720,&d=false"
44667,transferências de calor e mecânica dos sólidos,engenharia de computação,obrigatória,"https://cgi.insper.edu.br/DiarioDeClasse/PlanoDeAula/PlanoDeAulaPDF.aspx?t=Plano%20de%20Aula%20Atualizado&id=44667,&d=false"
44615,estratégia e projeto da produção,engenharia de computação,eletiva,"https://cgi.insper.edu.br/DiarioDeClasse/PlanoDeAula/PlanoDeAulaPDF.aspx?t=Plano%20de%20Aula%20Atualizado&id=44615,&d=false"
44557,estruturação de controladoria em pequenas empresas e empresas familiares,engenharia de computação,eletiva,"https://cgi.insper.edu.br/DiarioDeClasse/PlanoDeAula/PlanoDeAulaPDF.aspx?t=Plano%20de%20Aula%20Atualizado&id=44557,&d=false"
44526,ciência dos dados,engenharia de computação,obrigatória,"https://cgi.insper.edu.br/DiarioDeClasse/PlanoDeAula/PlanoDeAulaPDF.aspx?t=Plano%20de%20Aula%20Atualizado&id=44526,&d=false"
44464,design de computadores,engenharia de computação,obrigatória,"https://cgi.insper.edu.br/DiarioDeClasse/PlanoDeAula/PlanoDeAulaPDF.aspx?t=Plano%20de%20Aula%20Atualizado&id=44464,&d=false"
44377,computer vision,engenharia de computação,eletiva,"https://cgi.insper.edu.br/DiarioDeClasse/PlanoDeAula/PlanoDeAulaPDF.aspx?t=Plano%20de%20Aula%20Atualizado&id=44377,&d=false"
44292,mathematical economics,engenharia de computação,eletiva,"https://cgi.insper.edu.br/DiarioDeClasse/PlanoDeAula/PlanoDeAulaPDF.aspx?t=Plano%20de%20Aula%20Atualizado&id=44292,&d=false"
44280,teorias de democratização: uma análise baseada em teoria dos jogos,engenharia de computação,eletiva,"https://cgi.insper.edu.br/DiarioDeClasse/PlanoDeAula/PlanoDeAulaPDF.aspx?t=Plano%20de%20Aula%20Atualizado&id=44280,&d=false"
44151,elementos de sistemas,engenharia de computação,obrigatória,"https://cgi.insper.edu.br/DiarioDeClasse/PlanoDeAula/PlanoDeAulaPDF.aspx?t=Plano%20de%20Aula%20Atualizado&id=44151,&d=false"
44078,engineering analytics ii,engenharia de computação,eletiva,"https://cgi.insper.edu.br/DiarioDeClasse/PlanoDeAula/PlanoDeAulaPDF.aspx?t=Plano%20de%20Aula%20Atualizado&id=44078,&d=false"
44064,sustainability-based strategy,engenharia de computação,eletiva,"https://cgi.insper.edu.br/DiarioDeClasse/PlanoDeAula/PlanoDeAulaPDF.aspx?t=Plano%20de%20Aula%20Atualizado&id=44064,&d=false"
44045,sustentabilidade e esg: desafios e oportunidades,engenharia de computação,eletiva,"https://cgi.insper.edu.br/DiarioDeClasse/PlanoDeAula/PlanoDeAulaPDF.aspx?t=Plano%20de%20Aula%20Atualizado&id=44045,&d=false"
44014,introdução à teoria da relatividade,engenharia de computação,eletiva,"https://cgi.insper.edu.br/DiarioDeClasse/PlanoDeAula/PlanoDeAulaPDF.aspx?t=Plano%20de%20Aula%20Atualizado&id=44014,&d=false"
43963,trade marketing e omnicanalidade,engenharia de computação,eletiva,"https://cgi.insper.edu.br/DiarioDeClasse/PlanoDeAula/PlanoDeAulaPDF.aspx?t=Plano%20de%20Aula%20Atualizado&id=43963,&d=false"
43918,política fiscal,engenharia de computação,eletiva,"https://cgi.insper.edu.br/DiarioDeClasse/PlanoDeAula/PlanoDeAulaPDF.aspx?t=Plano%20de%20Aula%20Atualizado&id=43918,&d=false"
43833,fintechs e inovação em serviços financeiros,engenharia de computação,eletiva,"https://cgi.insper.edu.br/DiarioDeClasse/PlanoDeAula/PlanoDeAulaPDF.aspx?t=Plano%20de%20Aula%20Atualizado&id=43833,&d=false"
43806,introdução à teoria da escolha pública,engenharia de computação,eletiva,"https://cgi.insper.edu.br/DiarioDeClasse/PlanoDeAula/PlanoDeAulaPDF.aspx?t=Plano%20de%20Aula%20Atualizado&id=43806,&d=false"
43724,instrumentação e medição,engenharia de computação,obrigatória,"https://cgi.insper.edu.br/DiarioDeClasse/PlanoDeAula/PlanoDeAulaPDF.aspx?t=Plano%20de%20Aula%20Atualizado&id=43724,&d=false"
43715,modelagem e controle,engenharia de computação,obrigatória,"https://cgi.insper.edu.br/DiarioDeClasse/PlanoDeAula/PlanoDeAulaPDF.aspx?t=Plano%20de%20Aula%20Atualizado&id=43715,&d=false"
43713,controle de nanossatélites,engenharia de computação,eletiva,"https://cgi.insper.edu.br/DiarioDeClasse/PlanoDeAula/PlanoDeAulaPDF.aspx?t=Plano%20de%20Aula%20Atualizado&id=43713,&d=false"
43610,empreendedorismo tecnológico,engenharia de computação,obrigatória,"https://cgi.insper.edu.br/DiarioDeClasse/PlanoDeAula/PlanoDeAulaPDF.aspx?t=Plano%20de%20Aula%20Atualizado&id=43610,&d=false"
43598,co-design de aplicativos,engenharia de computação,obrigatória,"https://cgi.insper.edu.br/DiarioDeClasse/PlanoDeAula/PlanoDeAulaPDF.aspx?t=Plano%20de%20Aula%20Atualizado&id=43598,&d=false"
43493,mercados financeiros 360°: negócios e oportunidades de carreira na indústria financeira,engenharia de computação,eletiva,"https://cgi.insper.edu.br/DiarioDeClasse/PlanoDeAula/PlanoDeAulaPDF.aspx?t=Plano%20de%20Aula%20Atualizado&id=43493,&d=false"
43449,mundo financeiro - regulação e negócios,engenharia de computação,eletiva,"https://cgi.insper.edu.br/DiarioDeClasse/PlanoDeAula/PlanoDeAulaPDF.aspx?t=Plano%20de%20Aula%20Atualizado&id=43449,&d=false"
43435,fisica médica,engenharia de computação,eletiva,"https://cgi.insper.edu.br/DiarioDeClasse/PlanoDeAula/PlanoDeAulaPDF.aspx?t=Plano%20de%20Aula%20Atualizado&id=43435,&d=false"
43387,redes sociais,engenharia de computação,obrigatória,"https://cgi.insper.edu.br/DiarioDeClasse/PlanoDeAula/PlanoDeAulaPDF.aspx?t=Plano%20de%20Aula%20Atualizado&id=43387,&d=false"
43385,desafios de programação,engenharia de computação,obrigatória,"https://cgi.insper.edu.br/DiarioDeClasse/PlanoDeAula/PlanoDeAulaPDF.aspx?t=Plano%20de%20Aula%20Atualizado&id=43385,&d=false"
43383,desenvolvimento colaborativo ágil,engenharia de computação,obrigatória,"https://cgi.insper.edu.br/DiarioDeClasse/PlanoDeAula/PlanoDeAulaPDF.aspx?t=Plano%20de%20Aula%20Atualizado&id=43383,&d=false"
43361,sistemas hardware-software,engenharia de computação,obrigatória,"https://cgi.insper.edu.br/DiarioDeClasse/PlanoDeAula/PlanoDeAulaPDF.aspx?t=Plano%20de%20Aula%20Atualizado&id=43361,&d=false"
43339,computational fluid dynamics,engenharia de computação,eletiva,"https://cgi.insper.edu.br/DiarioDeClasse/PlanoDeAula/PlanoDeAulaPDF.aspx?t=Plano%20de%20Aula%20Atualizado&id=43339,&d=false"
43315,instituições políticas brasileiras,engenharia de computação,eletiva,"https://cgi.insper.edu.br/DiarioDeClasse/PlanoDeAula/PlanoDeAulaPDF.aspx?t=Plano%20de%20Aula%20Atualizado&id=43315,&d=false"
43264,advanced vehicle technology i - propulsion systems,engenharia de computação,eletiva,"https://cgi.insper.edu.br/DiarioDeClasse/PlanoDeAula/PlanoDeAulaPDF.aspx?t=Plano%20de%20Aula%20Atualizado&id=43264,&d=false"
42988,estágio supervisionado ii,engenharia de computação,obrigatória,"https://cgi.insper.edu.br/DiarioDeClasse/PlanoDeAula/PlanoDeAulaPDF.aspx?t=Plano%20de%20Aula%20Atualizado&id=42988,&d=false"
42987,estágio supervisionado i,engenharia de computação,obrigatória,"https://cgi.insper.edu.br/DiarioDeClasse/PlanoDeAula/PlanoDeAulaPDF.aspx?t=Plano%20de%20Aula%20Atualizado&id=42987,&d=false"
42399,biodesign - o processo de inovação em tecnologias médicas,engenharia de computação,eletiva,"https://cgi.insper.edu.br/DiarioDeClasse/PlanoDeAula/PlanoDeAulaPDF.aspx?t=Plano%20de%20Aula%20Atualizado&id=42399,&d=false"
42176,estruturação financeira,engenharia de computação,eletiva,"https://cgi.insper.edu.br/DiarioDeClasse/PlanoDeAula/PlanoDeAulaPDF.aspx?t=Plano%20de%20Aula%20Atualizado&id=42176,&d=false"
42093,free speech online: challenges,engenharia de computação,eletiva,"https://cgi.insper.edu.br/DiarioDeClasse/PlanoDeAula/PlanoDeAulaPDF.aspx?t=Plano%20de%20Aula%20Atualizado&id=42093,&d=false"
42075,machine learning,engenharia de computação,eletiva,"https://cgi.insper.edu.br/DiarioDeClasse/PlanoDeAula/PlanoDeAulaPDF.aspx?t=Plano%20de%20Aula%20Atualizado&id=42075,&d=false"
42052,cognitive science of decision-making,engenharia de computação,eletiva,"https://cgi.insper.edu.br/DiarioDeClasse/PlanoDeAula/PlanoDeAulaPDF.aspx?t=Plano%20de%20Aula%20Atualizado&id=42052,&d=false"
42037,o estado e a sociedade civil: desenho e coordenação da execução de ações coletivas,engenharia de computação,eletiva,"https://cgi.insper.edu.br/DiarioDeClasse/PlanoDeAula/PlanoDeAulaPDF.aspx?t=Plano%20de%20Aula%20Atualizado&id=42037,&d=false"
41981,visão de máquina,engenharia de computação,optativa,"https://cgi.insper.edu.br/DiarioDeClasse/PlanoDeAula/PlanoDeAulaPDF.aspx?t=Plano%20de%20Aula%20Atualizado&id=41981,&d=false"
41934,reinforcement learning,engenharia de computação,eletiva,"https://cgi.insper.edu.br/DiarioDeClasse/PlanoDeAula/PlanoDeAulaPDF.aspx?t=Plano%20de%20Aula%20Atualizado&id=41934,&d=false"
41843,"materials, processes and systems for advanced manufacturing",engenharia de computação,eletiva,"https://cgi.insper.edu.br/DiarioDeClasse/PlanoDeAula/PlanoDeAulaPDF.aspx?t=Plano%20de%20Aula%20Atualizado&id=41843,&d=false"
41734,technology ventures: insights from techinal change and innovation,engenharia de computação,eletiva,"https://cgi.insper.edu.br/DiarioDeClasse/PlanoDeAula/PlanoDeAulaPDF.aspx?t=Plano%20de%20Aula%20Atualizado&id=41734,&d=false"
41623,prognóstico de sistemas,engenharia de computação,eletiva,"https://cgi.insper.edu.br/DiarioDeClasse/PlanoDeAula/PlanoDeAulaPDF.aspx?t=Plano%20de%20Aula%20Atualizado&id=41623,&d=false"
41591,libras,engenharia de computação,eletiva,"https://cgi.insper.edu.br/DiarioDeClasse/PlanoDeAula/PlanoDeAulaPDF.aspx?t=Plano%20de%20Aula%20Atualizado&id=41591,&d=false"
41441,análise de texto de fontes desestruturadas e web,engenharia de computação,eletiva,"https://cgi.insper.edu.br/DiarioDeClasse/PlanoDeAula/PlanoDeAulaPDF.aspx?t=Plano%20de%20Aula%20Atualizado&id=41441,&d=false"
41357,cybersegurança em nuvem,engenharia de computação,eletiva,"https://cgi.insper.edu.br/DiarioDeClasse/PlanoDeAula/PlanoDeAulaPDF.aspx?t=Plano%20de%20Aula%20Atualizado&id=41357,&d=false"
41341,blockchain,engenharia de computação,eletiva,"https://cgi.insper.edu.br/DiarioDeClasse/PlanoDeAula/PlanoDeAulaPDF.aspx?t=Plano%20de%20Aula%20Atualizado&id=41341,&d=false"
41296,multibody dynamics simulation,engenharia de computação,eletiva,"https://cgi.insper.edu.br/DiarioDeClasse/PlanoDeAula/PlanoDeAulaPDF.aspx?t=Plano%20de%20Aula%20Atualizado&id=41296,&d=false"
41276,natural language processing,engenharia de computação,eletiva,"https://cgi.insper.edu.br/DiarioDeClasse/PlanoDeAula/PlanoDeAulaPDF.aspx?t=Plano%20de%20Aula%20Atualizado&id=41276,&d=false"
41195,integrated manufacturing planning,engenharia de computação,eletiva,"https://cgi.insper.edu.br/DiarioDeClasse/PlanoDeAula/PlanoDeAulaPDF.aspx?t=Plano%20de%20Aula%20Atualizado&id=41195,&d=false"
41172,biofotônica,engenharia de computação,eletiva,"https://cgi.insper.edu.br/DiarioDeClasse/PlanoDeAula/PlanoDeAulaPDF.aspx?t=Plano%20de%20Aula%20Atualizado&id=41172,&d=false"
41009,efeitos da tributação no resultado e no valor das empresas,engenharia de computação,eletiva,"https://cgi.insper.edu.br/DiarioDeClasse/PlanoDeAula/PlanoDeAulaPDF.aspx?t=Plano%20de%20Aula%20Atualizado&id=41009,&d=false"
41004,agronegócio - economia e políticas,engenharia de computação,eletiva,"https://cgi.insper.edu.br/DiarioDeClasse/PlanoDeAula/PlanoDeAulaPDF.aspx?t=Plano%20de%20Aula%20Atualizado&id=41004,&d=false"
40948,r para ciência de dados,engenharia de computação,eletiva,"https://cgi.insper.edu.br/DiarioDeClasse/PlanoDeAula/PlanoDeAulaPDF.aspx?t=Plano%20de%20Aula%20Atualizado&id=40948,&d=false"
40946,modelagem preditiva avançada,engenharia de computação,eletiva,"https://cgi.insper.edu.br/DiarioDeClasse/PlanoDeAula/PlanoDeAulaPDF.aspx?t=Plano%20de%20Aula%20Atualizado&id=40946,&d=false"
40941,virtual reality,engenharia de computação,eletiva,"https://cgi.insper.edu.br/DiarioDeClasse/PlanoDeAula/PlanoDeAulaPDF.aspx?t=Plano%20de%20Aula%20Atualizado&id=40941,&d=false"
40935,algotrading,engenharia de computação,eletiva,"https://cgi.insper.edu.br/DiarioDeClasse/PlanoDeAula/PlanoDeAulaPDF.aspx?t=Plano%20de%20Aula%20Atualizado&id=40935,&d=false"
40816,computação gráfica,engenharia de computação,eletiva,"https://cgi.insper.edu.br/DiarioDeClasse/PlanoDeAula/PlanoDeAulaPDF.aspx?t=Plano%20de%20Aula%20Atualizado&id=40816,&d=false"
40796,simulação computacional - métodos dos elementos finitos,engenharia de computação,eletiva,"https://cgi.insper.edu.br/DiarioDeClasse/PlanoDeAula/PlanoDeAulaPDF.aspx?t=Plano%20de%20Aula%20Atualizado&id=40796,&d=false"
40444,álgebra linear e finanças,engenharia de computação,eletiva,"https://cgi.insper.edu.br/DiarioDeClasse/PlanoDeAula/PlanoDeAulaPDF.aspx?t=Plano%20de%20Aula%20Atualizado&id=40444,&d=false"
40259,sistemas inteligentes de extração de conhecimento em redes complexas,engenharia de computação,eletiva,"https://cgi.insper.edu.br/DiarioDeClasse/PlanoDeAula/PlanoDeAulaPDF.aspx?t=Plano%20de%20Aula%20Atualizado&id=40259,&d=false"
39477,engineering analytics i,engenharia de computação,eletiva,"https://cgi.insper.edu.br/DiarioDeClasse/PlanoDeAula/PlanoDeAulaPDF.aspx?t=Plano%20de%20Aula%20Atualizado&id=39477,&d=false"
39463,startup entrepreneurial ecosystems,engenharia de computação,eletiva,"https://cgi.insper.edu.br/DiarioDeClasse/PlanoDeAula/PlanoDeAulaPDF.aspx?t=Plano%20de%20Aula%20Atualizado&id=39463,&d=false"
39143,veículos híbridos elétricos autônomos,engenharia de computação,eletiva,"https://cgi.insper.edu.br/DiarioDeClasse/PlanoDeAula/PlanoDeAulaPDF.aspx?t=Plano%20de%20Aula%20Atualizado&id=39143,&d=false"
38913,coding interviews,engenharia de computação,eletiva,"https://cgi.insper.edu.br/DiarioDeClasse/PlanoDeAula/PlanoDeAulaPDF.aspx?t=Plano%20de%20Aula%20Atualizado&id=38913,&d=false"
37899,fundamentos da gestão pública,engenharia de computação,eletiva,"https://cgi.insper.edu.br/DiarioDeClasse/PlanoDeAula/PlanoDeAulaPDF.aspx?t=Plano%20de%20Aula%20Atualizado&id=37899,&d=false"
37852,inteligência artifical,engenharia de computação,eletiva,"https://cgi.insper.edu.br/DiarioDeClasse/PlanoDeAula/PlanoDeAulaPDF.aspx?t=Plano%20de%20Aula%20Atualizado&id=37852,&d=false"
37851,desenvolvimento aberto,engenharia de computação,eletiva,"https://cgi.insper.edu.br/DiarioDeClasse/PlanoDeAula/PlanoDeAulaPDF.aspx?t=Plano%20de%20Aula%20Atualizado&id=37851,&d=false"
37837,smart manufacturing,engenharia de computação,eletiva,"https://cgi.insper.edu.br/DiarioDeClasse/PlanoDeAula/PlanoDeAulaPDF.aspx?t=Plano%20de%20Aula%20Atualizado&id=37837,&d=false"
37734,soc e linux embarcado,engenharia de computação,eletiva,"https://cgi.insper.edu.br/DiarioDeClasse/PlanoDeAula/PlanoDeAulaPDF.aspx?t=Plano%20de%20Aula%20Atualizado&id=37734,&d=false"
37682,otimização,engenharia de computação,eletiva,"https://cgi.insper.edu.br/DiarioDeClasse/PlanoDeAula/PlanoDeAulaPDF.aspx?t=Plano%20de%20Aula%20Atualizado&id=37682,&d=false"
37562,dinâmica veicular,engenharia de computação,eletiva,"https://cgi.insper.edu.br/DiarioDeClasse/PlanoDeAula/PlanoDeAulaPDF.aspx?t=Plano%20de%20Aula%20Atualizado&id=37562,&d=false"
37558,eletrônica embarcada,engenharia de computação,eletiva,"https://cgi.insper.edu.br/DiarioDeClasse/PlanoDeAula/PlanoDeAulaPDF.aspx?t=Plano%20de%20Aula%20Atualizado&id=37558,&d=false"
37500,modelos macroeconômicos: teoria e aplicações,engenharia de computação,eletiva,"https://cgi.insper.edu.br/DiarioDeClasse/PlanoDeAula/PlanoDeAulaPDF.aspx?t=Plano%20de%20Aula%20Atualizado&id=37500,&d=false"
37482,jogos digitais,engenharia de computação,obrigatória,"https://cgi.insper.edu.br/DiarioDeClasse/PlanoDeAula/PlanoDeAulaPDF.aspx?t=Plano%20de%20Aula%20Atualizado&id=37482,&d=false"
37481,"o bicentenário da independência: instituições, história e capitalismo",engenharia de computação,eletiva,"https://cgi.insper.edu.br/DiarioDeClasse/PlanoDeAula/PlanoDeAulaPDF.aspx?t=Plano%20de%20Aula%20Atualizado&id=37481,&d=false"
37462,work teams for social innovation,engenharia de computação,eletiva,"https://cgi.insper.edu.br/DiarioDeClasse/PlanoDeAula/PlanoDeAulaPDF.aspx?t=Plano%20de%20Aula%20Atualizado&id=37462,&d=false"
37321,supercomputação,engenharia de computação,obrigatória,"https://cgi.insper.edu.br/DiarioDeClasse/PlanoDeAula/PlanoDeAulaPDF.aspx?t=Plano%20de%20Aula%20Atualizado&id=37321,&d=false"
37300,química tecnologica e ambiental.,engenharia de computação,obrigatória,"https://cgi.insper.edu.br/DiarioDeClasse/PlanoDeAula/PlanoDeAulaPDF.aspx?t=Plano%20de%20Aula%20Atualizado&id=37300,&d=false"
37239,inclusão da diversidade e das deficiências,engenharia de computação,eletiva,"https://cgi.insper.edu.br/DiarioDeClasse/PlanoDeAula/PlanoDeAulaPDF.aspx?t=Plano%20de%20Aula%20Atualizado&id=37239,&d=false"
37200,gestão ambiental e responsabilidade social corporativa,engenharia de computação,eletiva,"https://cgi.insper.edu.br/DiarioDeClasse/PlanoDeAula/PlanoDeAulaPDF.aspx?t=Plano%20de%20Aula%20Atualizado&id=37200,&d=false"
37075,"estratégias de comunicação, mídia e branding",engenharia de computação,eletiva,"https://cgi.insper.edu.br/DiarioDeClasse/PlanoDeAula/PlanoDeAulaPDF.aspx?t=Plano%20de%20Aula%20Atualizado&id=37075,&d=false"